ID,name,description,imgURL,cat,subCat,price,packSize,cupPrice,cupMeasure,PPGP,PPP,PPS,veg,allergens
test,test,test,test,test,test,test,test,test,test,test,test,test,test,test
test,test,test,test,test,test,test,test,test,test,test,test,test,test,test
test,test,test,test,test,test,test,test,test,test,test,test,test,test,test
test,test,test,test,test,test,test,test,test,test,test,test,test,test,test
test,test,test,test,test,test,test,test,test,test,test,test,test,test,test
test,test,test,test,test,test,test,test,test,test,test,test,test,test,test
test,test,test,test,test,test,test,test,test,test,test,test,test,test,test
test,test,test,test,test,test,test,test,test,test,test,test,test,test,test
test,test,test,test,test,test,test,test,test,test,test,test,test,test,test
test,test,test,test,test,test,test,test,test,test,test,test,test,test,test
test,test,test,test,test,test,test,test,test,test,test,test,test,test,test
test,test,test,test,test,test,test,test,test,test,test,test,test,test,test
test,test,test,test,test,test,test,test,test,test,test,test,test,test,test
test,test,test,test,test,test,test,test,test,test,test,test,test,test,test
test,test,test,test,test,test,test,test,test,test,test,test,test,test,test
test,test,test,test,test,test,test,test,test,test,test,test,test,test,test
test,test,test,test,test,test,test,test,test,test,test,test,test,test,test
test,test,test,test,test,test,test,test,test,test,test,test,test,test,test
test,test,test,test,test,test,test,test,test,test,test,test,test,test,test
test,test,test,test,test,test,test,test,test,test,test,test,test,test,test
test,test,test,test,test,test,test,test,test,test,test,test,test,test,test
test,test,test,test,test,test,test,test,test,test,test,test,test,test,test
test,test,test,test,test,test,test,test,test,test,test,test,test,test,test
test,test,test,test,test,test,test,test,test,test,test,test,test,test,test
test,test,test,test,test,test,test,test,test,test,test,test,test,test,test
test,test,test,test,test,test,test,test,test,test,test,test,test,test,test
test,test,test,test,test,test,test,test,test,test,test,test,test,test,test
test,test,test,test,test,test,test,test,test,test,test,test,test,test,test
test,test,test,test,test,test,test,test,test,test,test,test,test,test,test
test,test,test,test,test,test,test,test,test,test,test,test,test,test,test
test,test,test,test,test,test,test,test,test,test,test,test,test,test,test
test,test,test,test,test,test,test,test,test,test,test,test,test,test,test
test,test,test,test,test,test,test,test,test,test,test,test,test,test,test
test,test,test,test,test,test,test,test,test,test,test,test,test,test,test
test,test,test,test,test,test,test,test,test,test,test,test,test,test,test
test,test,test,test,test,test,test,test,test,test,test,test,test,test,test
test,test,test,test,test,test,test,test,test,test,test,test,test,test,test
test,test,test,test,test,test,test,test,test,test,test,test,test,test,test
test,test,test,test,test,test,test,test,test,test,test,test,test,test,test
test,test,test,test,test,test,test,test,test,test,test,test,test,test,test
test,test,test,test,test,test,test,test,test,test,test,test,test,test,test
test,test,test,test,test,test,test,test,test,test,test,test,test,test,test
test,test,test,test,test,test,test,test,test,test,test,test,test,test,test
test,test,test,test,test,test,test,test,test,test,test,test,test,test,test
test,test,test,test,test,test,test,test,test,test,test,test,test,test,test
test,test,test,test,test,test,test,test,test,test,test,test,test,test,test
test,test,test,test,test,test,test,test,test,test,test,test,test,test,test
test,test,test,test,test,test,test,test,test,test,test,test,test,test,test
